recipe_id,sku,producto,categoria,material_codigo,material_nombre,unidad_material,consumo_solido_por_unidad,consumo_fijo_por_orden,merma_estimada_pct,tolerancia_inferior_pct,tolerancia_superior_pct,consumo_teorico_por_unidad_con_merma,consumo_teorico_orden_qty1,formula_consumo_orden,version_receta,estado_receta,notas
BOM-00001,CYB-ARE-0066,Aretes Ank Metálico,aretes,MAT-ACC-RESINA-METAL,Resina/acabado metálico,g,18,4,8,-5,8,19.44,23.44,((consumo_solido_por_unidad * cantidad) * (1 + merma_estimada_pct/100)) + consumo_fijo_por_orden,v1-piloto,ACTIVA,Promedio de material sólido por par.
BOM-00002,CYB-ARE-0070,Aretes Araña Metálica,aretes,MAT-ACC-RESINA-METAL,Resina/acabado metálico,g,18,4,8,-5,8,19.44,23.44,((consumo_solido_por_unidad * cantidad) * (1 + merma_estimada_pct/100)) + consumo_fijo_por_orden,v1-piloto,ACTIVA,Promedio de material sólido por par.
BOM-00003,CYB-ARE-0061,Aretes Cereza Calavera,aretes,MAT-ACC-RESINA-METAL,Resina/acabado metálico,g,18,4,8,-5,8,19.44,23.44,((consumo_solido_por_unidad * cantidad) * (1 + merma_estimada_pct/100)) + consumo_fijo_por_orden,v1-piloto,ACTIVA,Promedio de material sólido por par.
BOM-00004,CYB-ARE-0072,Aretes Cereza Roja,aretes,MAT-ACC-RESINA-METAL,Resina/acabado metálico,g,18,4,8,-5,8,19.44,23.44,((consumo_solido_por_unidad * cantidad) * (1 + merma_estimada_pct/100)) + consumo_fijo_por_orden,v1-piloto,ACTIVA,Promedio de material sólido por par.
BOM-00005,CYB-ARE-0063,Aretes Cobra Metálica,aretes,MAT-ACC-RESINA-METAL,Resina/acabado metálico,g,18,4,8,-5,8,19.44,23.44,((consumo_solido_por_unidad * cantidad) * (1 + merma_estimada_pct/100)) + consumo_fijo_por_orden,v1-piloto,ACTIVA,Promedio de material sólido por par.
BOM-00006,CYB-ARE-0065,Aretes Corazón DE Alambre,aretes,MAT-ACC-RESINA-METAL,Resina/acabado metálico,g,18,4,8,-5,8,19.44,23.44,((consumo_solido_por_unidad * cantidad) * (1 + merma_estimada_pct/100)) + consumo_fijo_por_orden,v1-piloto,ACTIVA,Promedio de material sólido por par.
BOM-00007,CYB-ARE-0075,Aretes Corazón Médico,aretes,MAT-ACC-RESINA-METAL,Resina/acabado metálico,g,18,4,8,-5,8,19.44,23.44,((consumo_solido_por_unidad * cantidad) * (1 + merma_estimada_pct/100)) + consumo_fijo_por_orden,v1-piloto,ACTIVA,Promedio de material sólido por par.
BOM-00008,CYB-ARE-0067,Aretes Corazón Metálica,aretes,MAT-ACC-RESINA-METAL,Resina/acabado metálico,g,18,4,8,-5,8,19.44,23.44,((consumo_solido_por_unidad * cantidad) * (1 + merma_estimada_pct/100)) + consumo_fijo_por_orden,v1-piloto,ACTIVA,Promedio de material sólido por par.
BOM-00009,CYB-ARE-0073,Aretes Corazón Rojo,aretes,MAT-ACC-RESINA-METAL,Resina/acabado metálico,g,18,4,8,-5,8,19.44,23.44,((consumo_solido_por_unidad * cantidad) * (1 + merma_estimada_pct/100)) + consumo_fijo_por_orden,v1-piloto,ACTIVA,Promedio de material sólido por par.
BOM-00010,CYB-ARE-0069,Aretes Cruz DE Rosas,aretes,MAT-ACC-RESINA-METAL,Resina/acabado metálico,g,18,4,8,-5,8,19.44,23.44,((consumo_solido_por_unidad * cantidad) * (1 + merma_estimada_pct/100)) + consumo_fijo_por_orden,v1-piloto,ACTIVA,Promedio de material sólido por par.
BOM-00011,CYB-ARE-0064,Aretes Estrella Metálica,aretes,MAT-ACC-RESINA-METAL,Resina/acabado metálico,g,18,4,8,-5,8,19.44,23.44,((consumo_solido_por_unidad * cantidad) * (1 + merma_estimada_pct/100)) + consumo_fijo_por_orden,v1-piloto,ACTIVA,Promedio de material sólido por par.
BOM-00012,CYB-ARE-0077,Aretes Guitarra Negra Blanco,aretes,MAT-ACC-RESINA-METAL,Resina/acabado metálico,g,18,4,8,-5,8,19.44,23.44,((consumo_solido_por_unidad * cantidad) * (1 + merma_estimada_pct/100)) + consumo_fijo_por_orden,v1-piloto,ACTIVA,Promedio de material sólido por par.
BOM-00013,CYB-ARE-0074,Aretes Guitarra Negra Roja,aretes,MAT-ACC-RESINA-METAL,Resina/acabado metálico,g,18,4,8,-5,8,19.44,23.44,((consumo_solido_por_unidad * cantidad) * (1 + merma_estimada_pct/100)) + consumo_fijo_por_orden,v1-piloto,ACTIVA,Promedio de material sólido por par.
BOM-00014,CYB-ARE-0071,Aretes Guitarra Roja,aretes,MAT-ACC-RESINA-METAL,Resina/acabado metálico,g,18,4,8,-5,8,19.44,23.44,((consumo_solido_por_unidad * cantidad) * (1 + merma_estimada_pct/100)) + consumo_fijo_por_orden,v1-piloto,ACTIVA,Promedio de material sólido por par.
BOM-00015,CYB-ARE-0060,Aretes Mano Metálica,aretes,MAT-ACC-RESINA-METAL,Resina/acabado metálico,g,18,4,8,-5,8,19.44,23.44,((consumo_solido_por_unidad * cantidad) * (1 + merma_estimada_pct/100)) + consumo_fijo_por_orden,v1-piloto,ACTIVA,Promedio de material sólido por par.
BOM-00016,CYB-ARE-0062,Aretes Medico Metálica,aretes,MAT-ACC-RESINA-METAL,Resina/acabado metálico,g,18,4,8,-5,8,19.44,23.44,((consumo_solido_por_unidad * cantidad) * (1 + merma_estimada_pct/100)) + consumo_fijo_por_orden,v1-piloto,ACTIVA,Promedio de material sólido por par.
BOM-00017,CYB-ARE-0076,Aretes Murcielago,aretes,MAT-ACC-RESINA-METAL,Resina/acabado metálico,g,18,4,8,-5,8,19.44,23.44,((consumo_solido_por_unidad * cantidad) * (1 + merma_estimada_pct/100)) + consumo_fijo_por_orden,v1-piloto,ACTIVA,Promedio de material sólido por par.
BOM-00018,CYB-ARE-0059,Aretes Serpiente Con Espada Metálica,aretes,MAT-ACC-RESINA-METAL,Resina/acabado metálico,g,18,4,8,-5,8,19.44,23.44,((consumo_solido_por_unidad * cantidad) * (1 + merma_estimada_pct/100)) + consumo_fijo_por_orden,v1-piloto,ACTIVA,Promedio de material sólido por par.
BOM-00019,CYB-ARE-0068,Aretes Serpiente Metálica,aretes,MAT-ACC-RESINA-METAL,Resina/acabado metálico,g,18,4,8,-5,8,19.44,23.44,((consumo_solido_por_unidad * cantidad) * (1 + merma_estimada_pct/100)) + consumo_fijo_por_orden,v1-piloto,ACTIVA,Promedio de material sólido por par.
BOM-00020,CYB-CAM-0013,Ac/dc,camisetas,MAT-TXT-ALGODON-EST,Textil algodón estampado,g,220,18,6,-4,6,233.2,251.2,((consumo_solido_por_unidad * cantidad) * (1 + merma_estimada_pct/100)) + consumo_fijo_por_orden,v1-piloto,ACTIVA,Incluye tela principal y transfer/insumo sólido de estampación.
BOM-00021,CYB-CAM-0028,Akatsuki Naruto,camisetas,MAT-TXT-ALGODON-EST,Textil algodón estampado,g,220,18,6,-4,6,233.2,251.2,((consumo_solido_por_unidad * cantidad) * (1 + merma_estimada_pct/100)) + consumo_fijo_por_orden,v1-piloto,ACTIVA,Incluye tela principal y transfer/insumo sólido de estampación.
BOM-00022,CYB-CAM-0011,Behemoth,camisetas,MAT-TXT-ALGODON-EST,Textil algodón estampado,g,220,18,6,-4,6,233.2,251.2,((consumo_solido_por_unidad * cantidad) * (1 + merma_estimada_pct/100)) + consumo_fijo_por_orden,v1-piloto,ACTIVA,Incluye tela principal y transfer/insumo sólido de estampación.
BOM-00023,CYB-CAM-0034,Bts,camisetas,MAT-TXT-ALGODON-EST,Textil algodón estampado,g,220,18,6,-4,6,233.2,251.2,((consumo_solido_por_unidad * cantidad) * (1 + merma_estimada_pct/100)) + consumo_fijo_por_orden,v1-piloto,ACTIVA,Incluye tela principal y transfer/insumo sólido de estampación.
BOM-00024,CYB-CAM-0035,Demon Slayer,camisetas,MAT-TXT-ALGODON-EST,Textil algodón estampado,g,220,18,6,-4,6,233.2,251.2,((consumo_solido_por_unidad * cantidad) * (1 + merma_estimada_pct/100)) + consumo_fijo_por_orden,v1-piloto,ACTIVA,Incluye tela principal y transfer/insumo sólido de estampación.
BOM-00025,CYB-CAM-0015,Dragon Ball,camisetas,MAT-TXT-ALGODON-EST,Textil algodón estampado,g,220,18,6,-4,6,233.2,251.2,((consumo_solido_por_unidad * cantidad) * (1 + merma_estimada_pct/100)) + consumo_fijo_por_orden,v1-piloto,ACTIVA,Incluye tela principal y transfer/insumo sólido de estampación.
BOM-00026,CYB-CAM-0014,Dragon Ball Z,camisetas,MAT-TXT-ALGODON-EST,Textil algodón estampado,g,220,18,6,-4,6,233.2,251.2,((consumo_solido_por_unidad * cantidad) * (1 + merma_estimada_pct/100)) + consumo_fijo_por_orden,v1-piloto,ACTIVA,Incluye tela principal y transfer/insumo sólido de estampación.
BOM-00027,CYB-CAM-0030,Fortnite,camisetas,MAT-TXT-ALGODON-EST,Textil algodón estampado,g,220,18,6,-4,6,233.2,251.2,((consumo_solido_por_unidad * cantidad) * (1 + merma_estimada_pct/100)) + consumo_fijo_por_orden,v1-piloto,ACTIVA,Incluye tela principal y transfer/insumo sólido de estampación.
BOM-00028,CYB-CAM-0031,Free Fire,camisetas,MAT-TXT-ALGODON-EST,Textil algodón estampado,g,220,18,6,-4,6,233.2,251.2,((consumo_solido_por_unidad * cantidad) * (1 + merma_estimada_pct/100)) + consumo_fijo_por_orden,v1-piloto,ACTIVA,Incluye tela principal y transfer/insumo sólido de estampación.
BOM-00029,CYB-CAM-0027,Friday The 13,camisetas,MAT-TXT-ALGODON-EST,Textil algodón estampado,g,220,18,6,-4,6,233.2,251.2,((consumo_solido_por_unidad * cantidad) * (1 + merma_estimada_pct/100)) + consumo_fijo_por_orden,v1-piloto,ACTIVA,Incluye tela principal y transfer/insumo sólido de estampación.
BOM-00030,CYB-CAM-0032,Gta,camisetas,MAT-TXT-ALGODON-EST,Textil algodón estampado,g,220,18,6,-4,6,233.2,251.2,((consumo_solido_por_unidad * cantidad) * (1 + merma_estimada_pct/100)) + consumo_fijo_por_orden,v1-piloto,ACTIVA,Incluye tela principal y transfer/insumo sólido de estampación.
BOM-00031,CYB-CAM-0021,Guns N' Roses,camisetas,MAT-TXT-ALGODON-EST,Textil algodón estampado,g,220,18,6,-4,6,233.2,251.2,((consumo_solido_por_unidad * cantidad) * (1 + merma_estimada_pct/100)) + consumo_fijo_por_orden,v1-piloto,ACTIVA,Incluye tela principal y transfer/insumo sólido de estampación.
BOM-00032,CYB-CAM-0029,Joker,camisetas,MAT-TXT-ALGODON-EST,Textil algodón estampado,g,220,18,6,-4,6,233.2,251.2,((consumo_solido_por_unidad * cantidad) * (1 + merma_estimada_pct/100)) + consumo_fijo_por_orden,v1-piloto,ACTIVA,Incluye tela principal y transfer/insumo sólido de estampación.
BOM-00033,CYB-CAM-0017,Kuromi,camisetas,MAT-TXT-ALGODON-EST,Textil algodón estampado,g,220,18,6,-4,6,233.2,251.2,((consumo_solido_por_unidad * cantidad) * (1 + merma_estimada_pct/100)) + consumo_fijo_por_orden,v1-piloto,ACTIVA,Incluye tela principal y transfer/insumo sólido de estampación.
BOM-00034,CYB-CAM-0012,Linkin Park,camisetas,MAT-TXT-ALGODON-EST,Textil algodón estampado,g,220,18,6,-4,6,233.2,251.2,((consumo_solido_por_unidad * cantidad) * (1 + merma_estimada_pct/100)) + consumo_fijo_por_orden,v1-piloto,ACTIVA,Incluye tela principal y transfer/insumo sólido de estampación.
BOM-00035,CYB-CAM-0019,Mago DE OZ,camisetas,MAT-TXT-ALGODON-EST,Textil algodón estampado,g,220,18,6,-4,6,233.2,251.2,((consumo_solido_por_unidad * cantidad) * (1 + merma_estimada_pct/100)) + consumo_fijo_por_orden,v1-piloto,ACTIVA,Incluye tela principal y transfer/insumo sólido de estampación.
BOM-00036,CYB-CAM-0024,Megadeth,camisetas,MAT-TXT-ALGODON-EST,Textil algodón estampado,g,220,18,6,-4,6,233.2,251.2,((consumo_solido_por_unidad * cantidad) * (1 + merma_estimada_pct/100)) + consumo_fijo_por_orden,v1-piloto,ACTIVA,Incluye tela principal y transfer/insumo sólido de estampación.
BOM-00037,CYB-CAM-0023,Metallica,camisetas,MAT-TXT-ALGODON-EST,Textil algodón estampado,g,220,18,6,-4,6,233.2,251.2,((consumo_solido_por_unidad * cantidad) * (1 + merma_estimada_pct/100)) + consumo_fijo_por_orden,v1-piloto,ACTIVA,Incluye tela principal y transfer/insumo sólido de estampación.
BOM-00038,CYB-CAM-0016,Misfits,camisetas,MAT-TXT-ALGODON-EST,Textil algodón estampado,g,220,18,6,-4,6,233.2,251.2,((consumo_solido_por_unidad * cantidad) * (1 + merma_estimada_pct/100)) + consumo_fijo_por_orden,v1-piloto,ACTIVA,Incluye tela principal y transfer/insumo sólido de estampación.
BOM-00039,CYB-CAM-0020,Nirvana,camisetas,MAT-TXT-ALGODON-EST,Textil algodón estampado,g,220,18,6,-4,6,233.2,251.2,((consumo_solido_por_unidad * cantidad) * (1 + merma_estimada_pct/100)) + consumo_fijo_por_orden,v1-piloto,ACTIVA,Incluye tela principal y transfer/insumo sólido de estampación.
BOM-00040,CYB-CAM-0026,One Piece,camisetas,MAT-TXT-ALGODON-EST,Textil algodón estampado,g,220,18,6,-4,6,233.2,251.2,((consumo_solido_por_unidad * cantidad) * (1 + merma_estimada_pct/100)) + consumo_fijo_por_orden,v1-piloto,ACTIVA,Incluye tela principal y transfer/insumo sólido de estampación.
BOM-00041,CYB-CAM-0018,Pink Floyd,camisetas,MAT-TXT-ALGODON-EST,Textil algodón estampado,g,220,18,6,-4,6,233.2,251.2,((consumo_solido_por_unidad * cantidad) * (1 + merma_estimada_pct/100)) + consumo_fijo_por_orden,v1-piloto,ACTIVA,Incluye tela principal y transfer/insumo sólido de estampación.
BOM-00042,CYB-CAM-0033,Rata Blanca,camisetas,MAT-TXT-ALGODON-EST,Textil algodón estampado,g,220,18,6,-4,6,233.2,251.2,((consumo_solido_por_unidad * cantidad) * (1 + merma_estimada_pct/100)) + consumo_fijo_por_orden,v1-piloto,ACTIVA,Incluye tela principal y transfer/insumo sólido de estampación.
BOM-00043,CYB-CAM-0022,Red Hot Chili Peppers,camisetas,MAT-TXT-ALGODON-EST,Textil algodón estampado,g,220,18,6,-4,6,233.2,251.2,((consumo_solido_por_unidad * cantidad) * (1 + merma_estimada_pct/100)) + consumo_fijo_por_orden,v1-piloto,ACTIVA,Incluye tela principal y transfer/insumo sólido de estampación.
BOM-00044,CYB-CAM-0010,Slayer,camisetas,MAT-TXT-ALGODON-EST,Textil algodón estampado,g,220,18,6,-4,6,233.2,251.2,((consumo_solido_por_unidad * cantidad) * (1 + merma_estimada_pct/100)) + consumo_fijo_por_orden,v1-piloto,ACTIVA,Incluye tela principal y transfer/insumo sólido de estampación.
BOM-00045,CYB-CAM-0025,System OF A Down,camisetas,MAT-TXT-ALGODON-EST,Textil algodón estampado,g,220,18,6,-4,6,233.2,251.2,((consumo_solido_por_unidad * cantidad) * (1 + merma_estimada_pct/100)) + consumo_fijo_por_orden,v1-piloto,ACTIVA,Incluye tela principal y transfer/insumo sólido de estampación.
BOM-00046,CYB-COL-0091,Collar Araña,collares,MAT-ACC-RESINA-COLLAR,Resina/acrílico para collar,g,24,5,8,-5,8,25.92,30.92,((consumo_solido_por_unidad * cantidad) * (1 + merma_estimada_pct/100)) + consumo_fijo_por_orden,v1-piloto,ACTIVA,Incluye dije principal y piezas sólidas auxiliares.
BOM-00047,CYB-COL-0090,Collar Atrapa Sueños,collares,MAT-ACC-RESINA-COLLAR,Resina/acrílico para collar,g,24,5,8,-5,8,25.92,30.92,((consumo_solido_por_unidad * cantidad) * (1 + merma_estimada_pct/100)) + consumo_fijo_por_orden,v1-piloto,ACTIVA,Incluye dije principal y piezas sólidas auxiliares.
BOM-00048,CYB-COL-0097,Collar Búho,collares,MAT-ACC-RESINA-COLLAR,Resina/acrílico para collar,g,24,5,8,-5,8,25.92,30.92,((consumo_solido_por_unidad * cantidad) * (1 + merma_estimada_pct/100)) + consumo_fijo_por_orden,v1-piloto,ACTIVA,Incluye dije principal y piezas sólidas auxiliares.
BOM-00049,CYB-COL-0099,Collar Corazón Azul,collares,MAT-ACC-RESINA-COLLAR,Resina/acrílico para collar,g,24,5,8,-5,8,25.92,30.92,((consumo_solido_por_unidad * cantidad) * (1 + merma_estimada_pct/100)) + consumo_fijo_por_orden,v1-piloto,ACTIVA,Incluye dije principal y piezas sólidas auxiliares.
BOM-00050,CYB-COL-0103,Collar Corazón Grande,collares,MAT-ACC-RESINA-COLLAR,Resina/acrílico para collar,g,24,5,8,-5,8,25.92,30.92,((consumo_solido_por_unidad * cantidad) * (1 + merma_estimada_pct/100)) + consumo_fijo_por_orden,v1-piloto,ACTIVA,Incluye dije principal y piezas sólidas auxiliares.
BOM-00051,CYB-COL-0093,Collar Corazón Tornasol,collares,MAT-ACC-RESINA-COLLAR,Resina/acrílico para collar,g,24,5,8,-5,8,25.92,30.92,((consumo_solido_por_unidad * cantidad) * (1 + merma_estimada_pct/100)) + consumo_fijo_por_orden,v1-piloto,ACTIVA,Incluye dije principal y piezas sólidas auxiliares.
BOM-00052,CYB-COL-0101,Collar Corazón Y Brillos,collares,MAT-ACC-RESINA-COLLAR,Resina/acrílico para collar,g,24,5,8,-5,8,25.92,30.92,((consumo_solido_por_unidad * cantidad) * (1 + merma_estimada_pct/100)) + consumo_fijo_por_orden,v1-piloto,ACTIVA,Incluye dije principal y piezas sólidas auxiliares.
BOM-00053,CYB-COL-0096,Collar Dragones,collares,MAT-ACC-RESINA-COLLAR,Resina/acrílico para collar,g,24,5,8,-5,8,25.92,30.92,((consumo_solido_por_unidad * cantidad) * (1 + merma_estimada_pct/100)) + consumo_fijo_por_orden,v1-piloto,ACTIVA,Incluye dije principal y piezas sólidas auxiliares.
BOM-00054,CYB-COL-0102,Collar Fresa Grande,collares,MAT-ACC-RESINA-COLLAR,Resina/acrílico para collar,g,24,5,8,-5,8,25.92,30.92,((consumo_solido_por_unidad * cantidad) * (1 + merma_estimada_pct/100)) + consumo_fijo_por_orden,v1-piloto,ACTIVA,Incluye dije principal y piezas sólidas auxiliares.
BOM-00055,CYB-COL-0100,Collar Fresa Pequeña,collares,MAT-ACC-RESINA-COLLAR,Resina/acrílico para collar,g,24,5,8,-5,8,25.92,30.92,((consumo_solido_por_unidad * cantidad) * (1 + merma_estimada_pct/100)) + consumo_fijo_por_orden,v1-piloto,ACTIVA,Incluye dije principal y piezas sólidas auxiliares.
BOM-00056,CYB-COL-0092,Collar Gato Formal,collares,MAT-ACC-RESINA-COLLAR,Resina/acrílico para collar,g,24,5,8,-5,8,25.92,30.92,((consumo_solido_por_unidad * cantidad) * (1 + merma_estimada_pct/100)) + consumo_fijo_por_orden,v1-piloto,ACTIVA,Incluye dije principal y piezas sólidas auxiliares.
BOM-00057,CYB-COL-0098,Collar Mariposa Cristalina,collares,MAT-ACC-RESINA-COLLAR,Resina/acrílico para collar,g,24,5,8,-5,8,25.92,30.92,((consumo_solido_por_unidad * cantidad) * (1 + merma_estimada_pct/100)) + consumo_fijo_por_orden,v1-piloto,ACTIVA,Incluye dije principal y piezas sólidas auxiliares.
BOM-00058,CYB-COL-0095,Collar Mosquita,collares,MAT-ACC-RESINA-COLLAR,Resina/acrílico para collar,g,24,5,8,-5,8,25.92,30.92,((consumo_solido_por_unidad * cantidad) * (1 + merma_estimada_pct/100)) + consumo_fijo_por_orden,v1-piloto,ACTIVA,Incluye dije principal y piezas sólidas auxiliares.
BOM-00059,CYB-COL-0094,Collar Pluma,collares,MAT-ACC-RESINA-COLLAR,Resina/acrílico para collar,g,24,5,8,-5,8,25.92,30.92,((consumo_solido_por_unidad * cantidad) * (1 + merma_estimada_pct/100)) + consumo_fijo_por_orden,v1-piloto,ACTIVA,Incluye dije principal y piezas sólidas auxiliares.
BOM-00060,CYB-FAL-0049,Falda Black Curve,faldas,MAT-TXT-POLY-BASIC,Textil base poliéster,g,280,20,7,-5,7,299.6,319.6,((consumo_solido_por_unidad * cantidad) * (1 + merma_estimada_pct/100)) + consumo_fijo_por_orden,v1-piloto,ACTIVA,Incluye tela principal y consumibles sólidos de confección.
BOM-00061,CYB-FAL-0039,Falda Black Siren,faldas,MAT-TXT-POLY-BASIC,Textil base poliéster,g,280,20,7,-5,7,299.6,319.6,((consumo_solido_por_unidad * cantidad) * (1 + merma_estimada_pct/100)) + consumo_fijo_por_orden,v1-piloto,ACTIVA,Incluye tela principal y consumibles sólidos de confección.
BOM-00062,CYB-FAL-0036,Falda Con Brillos,faldas,MAT-TXT-POLY-BASIC,Textil base poliéster,g,280,20,7,-5,7,299.6,319.6,((consumo_solido_por_unidad * cantidad) * (1 + merma_estimada_pct/100)) + consumo_fijo_por_orden,v1-piloto,ACTIVA,Incluye tela principal y consumibles sólidos de confección.
BOM-00063,CYB-FAL-0056,Falda Cuerina DE Pliegues,faldas,MAT-TXT-POLY-BASIC,Textil base poliéster,g,280,20,7,-5,7,299.6,319.6,((consumo_solido_por_unidad * cantidad) * (1 + merma_estimada_pct/100)) + consumo_fijo_por_orden,v1-piloto,ACTIVA,Incluye tela principal y consumibles sólidos de confección.
BOM-00064,CYB-FAL-0041,Falda Dark Desire,faldas,MAT-TXT-POLY-BASIC,Textil base poliéster,g,280,20,7,-5,7,299.6,319.6,((consumo_solido_por_unidad * cantidad) * (1 + merma_estimada_pct/100)) + consumo_fijo_por_orden,v1-piloto,ACTIVA,Incluye tela principal y consumibles sólidos de confección.
BOM-00065,CYB-FAL-0047,Falda Dark Motion,faldas,MAT-TXT-POLY-BASIC,Textil base poliéster,g,280,20,7,-5,7,299.6,319.6,((consumo_solido_por_unidad * cantidad) * (1 + merma_estimada_pct/100)) + consumo_fijo_por_orden,v1-piloto,ACTIVA,Incluye tela principal y consumibles sólidos de confección.
BOM-00066,CYB-FAL-0058,Falda DE Pliegues Beige,faldas,MAT-TXT-POLY-BASIC,Textil base poliéster,g,280,20,7,-5,7,299.6,319.6,((consumo_solido_por_unidad * cantidad) * (1 + merma_estimada_pct/100)) + consumo_fijo_por_orden,v1-piloto,ACTIVA,Incluye tela principal y consumibles sólidos de confección.
BOM-00067,CYB-FAL-0054,Falda DE Pliegues Blanca,faldas,MAT-TXT-POLY-BASIC,Textil base poliéster,g,280,20,7,-5,7,299.6,319.6,((consumo_solido_por_unidad * cantidad) * (1 + merma_estimada_pct/100)) + consumo_fijo_por_orden,v1-piloto,ACTIVA,Incluye tela principal y consumibles sólidos de confección.
BOM-00068,CYB-FAL-0051,Falda DE Pliegues Blancas Con Líneas Negras,faldas,MAT-TXT-POLY-BASIC,Textil base poliéster,g,280,20,7,-5,7,299.6,319.6,((consumo_solido_por_unidad * cantidad) * (1 + merma_estimada_pct/100)) + consumo_fijo_por_orden,v1-piloto,ACTIVA,Incluye tela principal y consumibles sólidos de confección.
BOM-00069,CYB-FAL-0053,Falda DE Pliegues Negra Con Líneas Blancas,faldas,MAT-TXT-POLY-BASIC,Textil base poliéster,g,280,20,7,-5,7,299.6,319.6,((consumo_solido_por_unidad * cantidad) * (1 + merma_estimada_pct/100)) + consumo_fijo_por_orden,v1-piloto,ACTIVA,Incluye tela principal y consumibles sólidos de confección.
BOM-00070,CYB-FAL-0052,Falda DE Pliegues Negro 2,faldas,MAT-TXT-POLY-BASIC,Textil base poliéster,g,280,20,7,-5,7,299.6,319.6,((consumo_solido_por_unidad * cantidad) * (1 + merma_estimada_pct/100)) + consumo_fijo_por_orden,v1-piloto,ACTIVA,Incluye tela principal y consumibles sólidos de confección.
BOM-00071,CYB-FAL-0055,Falda Larga Moderna,faldas,MAT-TXT-POLY-BASIC,Textil base poliéster,g,280,20,7,-5,7,299.6,319.6,((consumo_solido_por_unidad * cantidad) * (1 + merma_estimada_pct/100)) + consumo_fijo_por_orden,v1-piloto,ACTIVA,Incluye tela principal y consumibles sólidos de confección.
BOM-00072,CYB-FAL-0040,Falda Night Pulse,faldas,MAT-TXT-POLY-BASIC,Textil base poliéster,g,280,20,7,-5,7,299.6,319.6,((consumo_solido_por_unidad * cantidad) * (1 + merma_estimada_pct/100)) + consumo_fijo_por_orden,v1-piloto,ACTIVA,Incluye tela principal y consumibles sólidos de confección.
BOM-00073,CYB-FAL-0045,Falda Nightwrap,faldas,MAT-TXT-POLY-BASIC,Textil base poliéster,g,280,20,7,-5,7,299.6,319.6,((consumo_solido_por_unidad * cantidad) * (1 + merma_estimada_pct/100)) + consumo_fijo_por_orden,v1-piloto,ACTIVA,Incluye tela principal y consumibles sólidos de confección.
BOM-00074,CYB-FAL-0057,Falda Nocturne,faldas,MAT-TXT-POLY-BASIC,Textil base poliéster,g,280,20,7,-5,7,299.6,319.6,((consumo_solido_por_unidad * cantidad) * (1 + merma_estimada_pct/100)) + consumo_fijo_por_orden,v1-piloto,ACTIVA,Incluye tela principal y consumibles sólidos de confección.
BOM-00075,CYB-FAL-0043,Falda Noir Twist,faldas,MAT-TXT-POLY-BASIC,Textil base poliéster,g,280,20,7,-5,7,299.6,319.6,((consumo_solido_por_unidad * cantidad) * (1 + merma_estimada_pct/100)) + consumo_fijo_por_orden,v1-piloto,ACTIVA,Incluye tela principal y consumibles sólidos de confección.
BOM-00076,CYB-FAL-0038,Falda Obsidian,faldas,MAT-TXT-POLY-BASIC,Textil base poliéster,g,280,20,7,-5,7,299.6,319.6,((consumo_solido_por_unidad * cantidad) * (1 + merma_estimada_pct/100)) + consumo_fijo_por_orden,v1-piloto,ACTIVA,Incluye tela principal y consumibles sólidos de confección.
BOM-00077,CYB-FAL-0046,Falda Pliegues Negra,faldas,MAT-TXT-POLY-BASIC,Textil base poliéster,g,280,20,7,-5,7,299.6,319.6,((consumo_solido_por_unidad * cantidad) * (1 + merma_estimada_pct/100)) + consumo_fijo_por_orden,v1-piloto,ACTIVA,Incluye tela principal y consumibles sólidos de confección.
BOM-00078,CYB-FAL-0044,Falda Roja DE Cuadros,faldas,MAT-TXT-POLY-BASIC,Textil base poliéster,g,280,20,7,-5,7,299.6,319.6,((consumo_solido_por_unidad * cantidad) * (1 + merma_estimada_pct/100)) + consumo_fijo_por_orden,v1-piloto,ACTIVA,Incluye tela principal y consumibles sólidos de confección.
BOM-00079,CYB-FAL-0048,Falda Shadow Flow,faldas,MAT-TXT-POLY-BASIC,Textil base poliéster,g,280,20,7,-5,7,299.6,319.6,((consumo_solido_por_unidad * cantidad) * (1 + merma_estimada_pct/100)) + consumo_fijo_por_orden,v1-piloto,ACTIVA,Incluye tela principal y consumibles sólidos de confección.
BOM-00080,CYB-FAL-0042,Falda Shadow Lust,faldas,MAT-TXT-POLY-BASIC,Textil base poliéster,g,280,20,7,-5,7,299.6,319.6,((consumo_solido_por_unidad * cantidad) * (1 + merma_estimada_pct/100)) + consumo_fijo_por_orden,v1-piloto,ACTIVA,Incluye tela principal y consumibles sólidos de confección.
BOM-00081,CYB-FAL-0050,Pantaloneta Black Edge,faldas,MAT-TXT-POLY-BASIC,Textil base poliéster,g,280,20,7,-5,7,299.6,319.6,((consumo_solido_por_unidad * cantidad) * (1 + merma_estimada_pct/100)) + consumo_fijo_por_orden,v1-piloto,ACTIVA,Incluye tela principal y consumibles sólidos de confección.
BOM-00082,CYB-FAL-0037,Pantaloneta Raven,faldas,MAT-TXT-POLY-BASIC,Textil base poliéster,g,280,20,7,-5,7,299.6,319.6,((consumo_solido_por_unidad * cantidad) * (1 + merma_estimada_pct/100)) + consumo_fijo_por_orden,v1-piloto,ACTIVA,Incluye tela principal y consumibles sólidos de confección.
BOM-00083,CYB-GAR-0122,Chocker Exlusivo Gótico,gargantillas,MAT-ACC-RESINA-GARG,Resina/acrílico para gargantilla,g,20,5,8,-5,8,21.6,26.6,((consumo_solido_por_unidad * cantidad) * (1 + merma_estimada_pct/100)) + consumo_fijo_por_orden,v1-piloto,ACTIVA,Incluye pieza central y accesorios sólidos.
BOM-00084,CYB-GAR-0121,Chocker Exlusivo Murcielago,gargantillas,MAT-ACC-RESINA-GARG,Resina/acrílico para gargantilla,g,20,5,8,-5,8,21.6,26.6,((consumo_solido_por_unidad * cantidad) * (1 + merma_estimada_pct/100)) + consumo_fijo_por_orden,v1-piloto,ACTIVA,Incluye pieza central y accesorios sólidos.
BOM-00085,CYB-GAR-0111,Choker Corazón Metálico,gargantillas,MAT-ACC-RESINA-GARG,Resina/acrílico para gargantilla,g,20,5,8,-5,8,21.6,26.6,((consumo_solido_por_unidad * cantidad) * (1 + merma_estimada_pct/100)) + consumo_fijo_por_orden,v1-piloto,ACTIVA,Incluye pieza central y accesorios sólidos.
BOM-00086,CYB-GAR-0115,Choker Corazón Púas,gargantillas,MAT-ACC-RESINA-GARG,Resina/acrílico para gargantilla,g,20,5,8,-5,8,21.6,26.6,((consumo_solido_por_unidad * cantidad) * (1 + merma_estimada_pct/100)) + consumo_fijo_por_orden,v1-piloto,ACTIVA,Incluye pieza central y accesorios sólidos.
BOM-00087,CYB-GAR-0120,Choker DE Araña,gargantillas,MAT-ACC-RESINA-GARG,Resina/acrílico para gargantilla,g,20,5,8,-5,8,21.6,26.6,((consumo_solido_por_unidad * cantidad) * (1 + merma_estimada_pct/100)) + consumo_fijo_por_orden,v1-piloto,ACTIVA,Incluye pieza central y accesorios sólidos.
BOM-00088,CYB-GAR-0112,Choker Kuromi,gargantillas,MAT-ACC-RESINA-GARG,Resina/acrílico para gargantilla,g,20,5,8,-5,8,21.6,26.6,((consumo_solido_por_unidad * cantidad) * (1 + merma_estimada_pct/100)) + consumo_fijo_por_orden,v1-piloto,ACTIVA,Incluye pieza central y accesorios sólidos.
BOM-00089,CYB-GAR-0113,Choker Kuromi IN Love,gargantillas,MAT-ACC-RESINA-GARG,Resina/acrílico para gargantilla,g,20,5,8,-5,8,21.6,26.6,((consumo_solido_por_unidad * cantidad) * (1 + merma_estimada_pct/100)) + consumo_fijo_por_orden,v1-piloto,ACTIVA,Incluye pieza central y accesorios sólidos.
BOM-00090,CYB-GAR-0119,Choker Murcielago,gargantillas,MAT-ACC-RESINA-GARG,Resina/acrílico para gargantilla,g,20,5,8,-5,8,21.6,26.6,((consumo_solido_por_unidad * cantidad) * (1 + merma_estimada_pct/100)) + consumo_fijo_por_orden,v1-piloto,ACTIVA,Incluye pieza central y accesorios sólidos.
BOM-00091,CYB-GAR-0116,Choker Piedra Negra,gargantillas,MAT-ACC-RESINA-GARG,Resina/acrílico para gargantilla,g,20,5,8,-5,8,21.6,26.6,((consumo_solido_por_unidad * cantidad) * (1 + merma_estimada_pct/100)) + consumo_fijo_por_orden,v1-piloto,ACTIVA,Incluye pieza central y accesorios sólidos.
BOM-00092,CYB-GAR-0118,Choker Piedra Plateada,gargantillas,MAT-ACC-RESINA-GARG,Resina/acrílico para gargantilla,g,20,5,8,-5,8,21.6,26.6,((consumo_solido_por_unidad * cantidad) * (1 + merma_estimada_pct/100)) + consumo_fijo_por_orden,v1-piloto,ACTIVA,Incluye pieza central y accesorios sólidos.
BOM-00093,CYB-GAR-0117,Choker Piedra Rojo,gargantillas,MAT-ACC-RESINA-GARG,Resina/acrílico para gargantilla,g,20,5,8,-5,8,21.6,26.6,((consumo_solido_por_unidad * cantidad) * (1 + merma_estimada_pct/100)) + consumo_fijo_por_orden,v1-piloto,ACTIVA,Incluye pieza central y accesorios sólidos.
BOM-00094,CYB-GAR-0109,Choker Púas,gargantillas,MAT-ACC-RESINA-GARG,Resina/acrílico para gargantilla,g,20,5,8,-5,8,21.6,26.6,((consumo_solido_por_unidad * cantidad) * (1 + merma_estimada_pct/100)) + consumo_fijo_por_orden,v1-piloto,ACTIVA,Incluye pieza central y accesorios sólidos.
BOM-00095,CYB-GAR-0110,Choker Púas Mixtas,gargantillas,MAT-ACC-RESINA-GARG,Resina/acrílico para gargantilla,g,20,5,8,-5,8,21.6,26.6,((consumo_solido_por_unidad * cantidad) * (1 + merma_estimada_pct/100)) + consumo_fijo_por_orden,v1-piloto,ACTIVA,Incluye pieza central y accesorios sólidos.
BOM-00096,CYB-GAR-0114,Choker Rosado Tornasol,gargantillas,MAT-ACC-RESINA-GARG,Resina/acrílico para gargantilla,g,20,5,8,-5,8,21.6,26.6,((consumo_solido_por_unidad * cantidad) * (1 + merma_estimada_pct/100)) + consumo_fijo_por_orden,v1-piloto,ACTIVA,Incluye pieza central y accesorios sólidos.
BOM-00097,CYB-GEN-0084,Hamburguesa/ Papitas,iman,MAT-GEN-SOLIDO,Material sólido genérico,g,60,6,10,-6,10,66,72,((consumo_solido_por_unidad * cantidad) * (1 + merma_estimada_pct/100)) + consumo_fijo_por_orden,v1-piloto,ACTIVA,Usar temporalmente hasta definir receta específica.
BOM-00098,CYB-GEN-0086,Matching Cute,iman,MAT-GEN-SOLIDO,Material sólido genérico,g,60,6,10,-6,10,66,72,((consumo_solido_por_unidad * cantidad) * (1 + merma_estimada_pct/100)) + consumo_fijo_por_orden,v1-piloto,ACTIVA,Usar temporalmente hasta definir receta específica.
BOM-00099,CYB-GEN-0088,Matching Hands,iman,MAT-GEN-SOLIDO,Material sólido genérico,g,60,6,10,-6,10,66,72,((consumo_solido_por_unidad * cantidad) * (1 + merma_estimada_pct/100)) + consumo_fijo_por_orden,v1-piloto,ACTIVA,Usar temporalmente hasta definir receta específica.
BOM-00100,CYB-GEN-0089,Matching Planeta,iman,MAT-GEN-SOLIDO,Material sólido genérico,g,60,6,10,-6,10,66,72,((consumo_solido_por_unidad * cantidad) * (1 + merma_estimada_pct/100)) + consumo_fijo_por_orden,v1-piloto,ACTIVA,Usar temporalmente hasta definir receta específica.
BOM-00101,CYB-GEN-0085,Matching Stickman,iman,MAT-GEN-SOLIDO,Material sólido genérico,g,60,6,10,-6,10,66,72,((consumo_solido_por_unidad * cantidad) * (1 + merma_estimada_pct/100)) + consumo_fijo_por_orden,v1-piloto,ACTIVA,Usar temporalmente hasta definir receta específica.
BOM-00102,CYB-GEN-0087,Matching Yin Yang,iman,MAT-GEN-SOLIDO,Material sólido genérico,g,60,6,10,-6,10,66,72,((consumo_solido_por_unidad * cantidad) * (1 + merma_estimada_pct/100)) + consumo_fijo_por_orden,v1-piloto,ACTIVA,Usar temporalmente hasta definir receta específica.
BOM-00103,CYB-3DP-0123,Axolote Rosa,impresion3d,MAT-3DP-PLA-BASIC,Filamento PLA,g,95,8,12,-8,10,106.4,114.4,((consumo_solido_por_unidad * cantidad) * (1 + merma_estimada_pct/100)) + consumo_fijo_por_orden,v1-piloto,ACTIVA,Incluye soportes y purgas estándar de impresión.
BOM-00104,CYB-3DP-0124,Caja Estilo Minecraft,impresion3d,MAT-3DP-PLA-BASIC,Filamento PLA,g,95,8,12,-8,10,106.4,114.4,((consumo_solido_por_unidad * cantidad) * (1 + merma_estimada_pct/100)) + consumo_fijo_por_orden,v1-piloto,ACTIVA,Incluye soportes y purgas estándar de impresión.
BOM-00105,CYB-3DP-0125,Creeper Articulado,impresion3d,MAT-3DP-PLA-BASIC,Filamento PLA,g,95,8,12,-8,10,106.4,114.4,((consumo_solido_por_unidad * cantidad) * (1 + merma_estimada_pct/100)) + consumo_fijo_por_orden,v1-piloto,ACTIVA,Incluye soportes y purgas estándar de impresión.
BOM-00106,CYB-3DP-0126,Deadly Shark,impresion3d,MAT-3DP-PLA-BASIC,Filamento PLA,g,95,8,12,-8,10,106.4,114.4,((consumo_solido_por_unidad * cantidad) * (1 + merma_estimada_pct/100)) + consumo_fijo_por_orden,v1-piloto,ACTIVA,Incluye soportes y purgas estándar de impresión.
BOM-00107,CYB-3DP-0127,Dinosaurio Tierno,impresion3d,MAT-3DP-PLA-BASIC,Filamento PLA,g,95,8,12,-8,10,106.4,114.4,((consumo_solido_por_unidad * cantidad) * (1 + merma_estimada_pct/100)) + consumo_fijo_por_orden,v1-piloto,ACTIVA,Incluye soportes y purgas estándar de impresión.
BOM-00108,CYB-3DP-0139,Dinosaurio Velociraptor,impresion3d,MAT-3DP-PLA-BASIC,Filamento PLA,g,95,8,12,-8,10,106.4,114.4,((consumo_solido_por_unidad * cantidad) * (1 + merma_estimada_pct/100)) + consumo_fijo_por_orden,v1-piloto,ACTIVA,Incluye soportes y purgas estándar de impresión.
BOM-00109,CYB-3DP-0138,Lámpara DE Espada,impresion3d,MAT-3DP-PLA-BASIC,Filamento PLA,g,95,8,12,-8,10,106.4,114.4,((consumo_solido_por_unidad * cantidad) * (1 + merma_estimada_pct/100)) + consumo_fijo_por_orden,v1-piloto,ACTIVA,Incluye soportes y purgas estándar de impresión.
BOM-00110,CYB-3DP-0129,Lámpara Minecraft,impresion3d,MAT-3DP-PLA-BASIC,Filamento PLA,g,95,8,12,-8,10,106.4,114.4,((consumo_solido_por_unidad * cantidad) * (1 + merma_estimada_pct/100)) + consumo_fijo_por_orden,v1-piloto,ACTIVA,Incluye soportes y purgas estándar de impresión.
BOM-00111,CYB-3DP-0146,Llavero DE Cámara,impresion3d,MAT-3DP-PLA-BASIC,Filamento PLA,g,95,8,12,-8,10,106.4,114.4,((consumo_solido_por_unidad * cantidad) * (1 + merma_estimada_pct/100)) + consumo_fijo_por_orden,v1-piloto,ACTIVA,Incluye soportes y purgas estándar de impresión.
BOM-00112,CYB-3DP-0140,Llavero DE Casco,impresion3d,MAT-3DP-PLA-BASIC,Filamento PLA,g,95,8,12,-8,10,106.4,114.4,((consumo_solido_por_unidad * cantidad) * (1 + merma_estimada_pct/100)) + consumo_fijo_por_orden,v1-piloto,ACTIVA,Incluye soportes y purgas estándar de impresión.
BOM-00113,CYB-3DP-0148,Llavero DE Cerdito Minecraft,impresion3d,MAT-3DP-PLA-BASIC,Filamento PLA,g,95,8,12,-8,10,106.4,114.4,((consumo_solido_por_unidad * cantidad) * (1 + merma_estimada_pct/100)) + consumo_fijo_por_orden,v1-piloto,ACTIVA,Incluye soportes y purgas estándar de impresión.
BOM-00114,CYB-3DP-0145,Llavero DE Corazón Minecraft,impresion3d,MAT-3DP-PLA-BASIC,Filamento PLA,g,95,8,12,-8,10,106.4,114.4,((consumo_solido_por_unidad * cantidad) * (1 + merma_estimada_pct/100)) + consumo_fijo_por_orden,v1-piloto,ACTIVA,Incluye soportes y purgas estándar de impresión.
BOM-00115,CYB-3DP-0142,Llavero DE Dino,impresion3d,MAT-3DP-PLA-BASIC,Filamento PLA,g,95,8,12,-8,10,106.4,114.4,((consumo_solido_por_unidad * cantidad) * (1 + merma_estimada_pct/100)) + consumo_fijo_por_orden,v1-piloto,ACTIVA,Incluye soportes y purgas estándar de impresión.
BOM-00116,CYB-3DP-0150,Llavero DE Espada Minecraft,impresion3d,MAT-3DP-PLA-BASIC,Filamento PLA,g,95,8,12,-8,10,106.4,114.4,((consumo_solido_por_unidad * cantidad) * (1 + merma_estimada_pct/100)) + consumo_fijo_por_orden,v1-piloto,ACTIVA,Incluye soportes y purgas estándar de impresión.
BOM-00117,CYB-3DP-0143,Llavero DE Flor,impresion3d,MAT-3DP-PLA-BASIC,Filamento PLA,g,95,8,12,-8,10,106.4,114.4,((consumo_solido_por_unidad * cantidad) * (1 + merma_estimada_pct/100)) + consumo_fijo_por_orden,v1-piloto,ACTIVA,Incluye soportes y purgas estándar de impresión.
BOM-00118,CYB-3DP-0141,Llavero DE Gato,impresion3d,MAT-3DP-PLA-BASIC,Filamento PLA,g,95,8,12,-8,10,106.4,114.4,((consumo_solido_por_unidad * cantidad) * (1 + merma_estimada_pct/100)) + consumo_fijo_por_orden,v1-piloto,ACTIVA,Incluye soportes y purgas estándar de impresión.
BOM-00119,CYB-3DP-0144,Llavero DE Hacha Minecraft,impresion3d,MAT-3DP-PLA-BASIC,Filamento PLA,g,95,8,12,-8,10,106.4,114.4,((consumo_solido_por_unidad * cantidad) * (1 + merma_estimada_pct/100)) + consumo_fijo_por_orden,v1-piloto,ACTIVA,Incluye soportes y purgas estándar de impresión.
BOM-00120,CYB-3DP-0147,Llavero DE Pico Minecraft,impresion3d,MAT-3DP-PLA-BASIC,Filamento PLA,g,95,8,12,-8,10,106.4,114.4,((consumo_solido_por_unidad * cantidad) * (1 + merma_estimada_pct/100)) + consumo_fijo_por_orden,v1-piloto,ACTIVA,Incluye soportes y purgas estándar de impresión.
BOM-00121,CYB-3DP-0149,Llavero Pou,impresion3d,MAT-3DP-PLA-BASIC,Filamento PLA,g,95,8,12,-8,10,106.4,114.4,((consumo_solido_por_unidad * cantidad) * (1 + merma_estimada_pct/100)) + consumo_fijo_por_orden,v1-piloto,ACTIVA,Incluye soportes y purgas estándar de impresión.
BOM-00122,CYB-3DP-0130,Matching Dragon,impresion3d,MAT-3DP-PLA-BASIC,Filamento PLA,g,95,8,12,-8,10,106.4,114.4,((consumo_solido_por_unidad * cantidad) * (1 + merma_estimada_pct/100)) + consumo_fijo_por_orden,v1-piloto,ACTIVA,Incluye soportes y purgas estándar de impresión.
BOM-00123,CYB-3DP-0131,Monedera Creeper,impresion3d,MAT-3DP-PLA-BASIC,Filamento PLA,g,95,8,12,-8,10,106.4,114.4,((consumo_solido_por_unidad * cantidad) * (1 + merma_estimada_pct/100)) + consumo_fijo_por_orden,v1-piloto,ACTIVA,Incluye soportes y purgas estándar de impresión.
BOM-00124,CYB-3DP-0132,Monedera Mario,impresion3d,MAT-3DP-PLA-BASIC,Filamento PLA,g,95,8,12,-8,10,106.4,114.4,((consumo_solido_por_unidad * cantidad) * (1 + merma_estimada_pct/100)) + consumo_fijo_por_orden,v1-piloto,ACTIVA,Incluye soportes y purgas estándar de impresión.
BOM-00125,CYB-3DP-0133,Patito Articulado,impresion3d,MAT-3DP-PLA-BASIC,Filamento PLA,g,95,8,12,-8,10,106.4,114.4,((consumo_solido_por_unidad * cantidad) * (1 + merma_estimada_pct/100)) + consumo_fijo_por_orden,v1-piloto,ACTIVA,Incluye soportes y purgas estándar de impresión.
BOM-00126,CYB-3DP-0128,Pescadito Articulado,impresion3d,MAT-3DP-PLA-BASIC,Filamento PLA,g,95,8,12,-8,10,106.4,114.4,((consumo_solido_por_unidad * cantidad) * (1 + merma_estimada_pct/100)) + consumo_fijo_por_orden,v1-piloto,ACTIVA,Incluye soportes y purgas estándar de impresión.
BOM-00127,CYB-3DP-0134,Polilla Articulada,impresion3d,MAT-3DP-PLA-BASIC,Filamento PLA,g,95,8,12,-8,10,106.4,114.4,((consumo_solido_por_unidad * cantidad) * (1 + merma_estimada_pct/100)) + consumo_fijo_por_orden,v1-piloto,ACTIVA,Incluye soportes y purgas estándar de impresión.
BOM-00128,CYB-3DP-0135,Pulpo Articulado,impresion3d,MAT-3DP-PLA-BASIC,Filamento PLA,g,95,8,12,-8,10,106.4,114.4,((consumo_solido_por_unidad * cantidad) * (1 + merma_estimada_pct/100)) + consumo_fijo_por_orden,v1-piloto,ACTIVA,Incluye soportes y purgas estándar de impresión.
BOM-00129,CYB-3DP-0137,Silksong Bell Beast,impresion3d,MAT-3DP-PLA-BASIC,Filamento PLA,g,95,8,12,-8,10,106.4,114.4,((consumo_solido_por_unidad * cantidad) * (1 + merma_estimada_pct/100)) + consumo_fijo_por_orden,v1-piloto,ACTIVA,Incluye soportes y purgas estándar de impresión.
BOM-00130,CYB-3DP-0136,Tiburón Articulado,impresion3d,MAT-3DP-PLA-BASIC,Filamento PLA,g,95,8,12,-8,10,106.4,114.4,((consumo_solido_por_unidad * cantidad) * (1 + merma_estimada_pct/100)) + consumo_fijo_por_orden,v1-piloto,ACTIVA,Incluye soportes y purgas estándar de impresión.
BOM-00131,CYB-MAN-0108,Manilla Grande Detallada,manillas,MAT-ACC-RESINA-MANILLA,Resina/acrílico para manilla,g,14,4,8,-5,8,15.12,19.12,((consumo_solido_por_unidad * cantidad) * (1 + merma_estimada_pct/100)) + consumo_fijo_por_orden,v1-piloto,ACTIVA,Promedio por unidad terminada.
BOM-00132,CYB-MAN-0106,Manilla Grande Púaz,manillas,MAT-ACC-RESINA-MANILLA,Resina/acrílico para manilla,g,14,4,8,-5,8,15.12,19.12,((consumo_solido_por_unidad * cantidad) * (1 + merma_estimada_pct/100)) + consumo_fijo_por_orden,v1-piloto,ACTIVA,Promedio por unidad terminada.
BOM-00133,CYB-MAN-0107,Manilla Grande Simple,manillas,MAT-ACC-RESINA-MANILLA,Resina/acrílico para manilla,g,14,4,8,-5,8,15.12,19.12,((consumo_solido_por_unidad * cantidad) * (1 + merma_estimada_pct/100)) + consumo_fijo_por_orden,v1-piloto,ACTIVA,Promedio por unidad terminada.
BOM-00134,CYB-MAN-0105,Manilla Púaz,manillas,MAT-ACC-RESINA-MANILLA,Resina/acrílico para manilla,g,14,4,8,-5,8,15.12,19.12,((consumo_solido_por_unidad * cantidad) * (1 + merma_estimada_pct/100)) + consumo_fijo_por_orden,v1-piloto,ACTIVA,Promedio por unidad terminada.
BOM-00135,CYB-MAN-0104,Manilla Simple,manillas,MAT-ACC-RESINA-MANILLA,Resina/acrílico para manilla,g,14,4,8,-5,8,15.12,19.12,((consumo_solido_por_unidad * cantidad) * (1 + merma_estimada_pct/100)) + consumo_fijo_por_orden,v1-piloto,ACTIVA,Promedio por unidad terminada.
BOM-00136,CYB-NVO-0002,Aretes Guitarra Negra Roja,nuevo,MAT-MIX-NUEVO,Material sólido mixto (línea nuevo),g,80,8,10,-6,10,88,96,((consumo_solido_por_unidad * cantidad) * (1 + merma_estimada_pct/100)) + consumo_fijo_por_orden,v1-piloto,ACTIVA,Línea de lanzamiento; validar contra consumo real.
BOM-00137,CYB-NVO-0004,Chocker Exlusivo Gótico,nuevo,MAT-MIX-NUEVO,Material sólido mixto (línea nuevo),g,80,8,10,-6,10,88,96,((consumo_solido_por_unidad * cantidad) * (1 + merma_estimada_pct/100)) + consumo_fijo_por_orden,v1-piloto,ACTIVA,Línea de lanzamiento; validar contra consumo real.
BOM-00138,CYB-NVO-0003,Edición Especial - Black Cat,nuevo,MAT-MIX-NUEVO,Material sólido mixto (línea nuevo),g,80,8,10,-6,10,88,96,((consumo_solido_por_unidad * cantidad) * (1 + merma_estimada_pct/100)) + consumo_fijo_por_orden,v1-piloto,ACTIVA,Línea de lanzamiento; validar contra consumo real.
BOM-00139,CYB-NVO-0001,Edición Especial - Bts,nuevo,MAT-MIX-NUEVO,Material sólido mixto (línea nuevo),g,80,8,10,-6,10,88,96,((consumo_solido_por_unidad * cantidad) * (1 + merma_estimada_pct/100)) + consumo_fijo_por_orden,v1-piloto,ACTIVA,Línea de lanzamiento; validar contra consumo real.
BOM-00140,CYB-NVO-0007,Edición Especial - Demon Slayer,nuevo,MAT-MIX-NUEVO,Material sólido mixto (línea nuevo),g,80,8,10,-6,10,88,96,((consumo_solido_por_unidad * cantidad) * (1 + merma_estimada_pct/100)) + consumo_fijo_por_orden,v1-piloto,ACTIVA,Línea de lanzamiento; validar contra consumo real.
BOM-00141,CYB-NVO-0008,Edición Especial - Guns N' Roses,nuevo,MAT-MIX-NUEVO,Material sólido mixto (línea nuevo),g,80,8,10,-6,10,88,96,((consumo_solido_por_unidad * cantidad) * (1 + merma_estimada_pct/100)) + consumo_fijo_por_orden,v1-piloto,ACTIVA,Línea de lanzamiento; validar contra consumo real.
BOM-00142,CYB-NVO-0005,Edición Especial - Kuromi,nuevo,MAT-MIX-NUEVO,Material sólido mixto (línea nuevo),g,80,8,10,-6,10,88,96,((consumo_solido_por_unidad * cantidad) * (1 + merma_estimada_pct/100)) + consumo_fijo_por_orden,v1-piloto,ACTIVA,Línea de lanzamiento; validar contra consumo real.
BOM-00143,CYB-NVO-0009,Edición Especial - Nirvana,nuevo,MAT-MIX-NUEVO,Material sólido mixto (línea nuevo),g,80,8,10,-6,10,88,96,((consumo_solido_por_unidad * cantidad) * (1 + merma_estimada_pct/100)) + consumo_fijo_por_orden,v1-piloto,ACTIVA,Línea de lanzamiento; validar contra consumo real.
BOM-00144,CYB-NVO-0006,Manilla Púaz,nuevo,MAT-MIX-NUEVO,Material sólido mixto (línea nuevo),g,80,8,10,-6,10,88,96,((consumo_solido_por_unidad * cantidad) * (1 + merma_estimada_pct/100)) + consumo_fijo_por_orden,v1-piloto,ACTIVA,Línea de lanzamiento; validar contra consumo real.
BOM-00145,CYB-OTR-0078,Máscara Asiática 1,otros,MAT-ACC-MIX-OTROS,Material sólido mixto accesorios,g,30,6,9,-6,10,32.7,38.7,((consumo_solido_por_unidad * cantidad) * (1 + merma_estimada_pct/100)) + consumo_fijo_por_orden,v1-piloto,ACTIVA,Categoría mixta con variación moderada.
BOM-00146,CYB-OTR-0079,Máscara Asiática 2,otros,MAT-ACC-MIX-OTROS,Material sólido mixto accesorios,g,30,6,9,-6,10,32.7,38.7,((consumo_solido_por_unidad * cantidad) * (1 + merma_estimada_pct/100)) + consumo_fijo_por_orden,v1-piloto,ACTIVA,Categoría mixta con variación moderada.
BOM-00147,CYB-OTR-0080,Máscara Asiática 3,otros,MAT-ACC-MIX-OTROS,Material sólido mixto accesorios,g,30,6,9,-6,10,32.7,38.7,((consumo_solido_por_unidad * cantidad) * (1 + merma_estimada_pct/100)) + consumo_fijo_por_orden,v1-piloto,ACTIVA,Categoría mixta con variación moderada.
BOM-00148,CYB-OTR-0082,Peluche Kuromi,otros,MAT-ACC-MIX-OTROS,Material sólido mixto accesorios,g,30,6,9,-6,10,32.7,38.7,((consumo_solido_por_unidad * cantidad) * (1 + merma_estimada_pct/100)) + consumo_fijo_por_orden,v1-piloto,ACTIVA,Categoría mixta con variación moderada.
BOM-00149,CYB-OTR-0081,Peluches Five Nights AT Freddy's,otros,MAT-ACC-MIX-OTROS,Material sólido mixto accesorios,g,30,6,9,-6,10,32.7,38.7,((consumo_solido_por_unidad * cantidad) * (1 + merma_estimada_pct/100)) + consumo_fijo_por_orden,v1-piloto,ACTIVA,Categoría mixta con variación moderada.
BOM-00150,CYB-OTR-0083,Pines Kuromi,otros,MAT-ACC-MIX-OTROS,Material sólido mixto accesorios,g,30,6,9,-6,10,32.7,38.7,((consumo_solido_por_unidad * cantidad) * (1 + merma_estimada_pct/100)) + consumo_fijo_por_orden,v1-piloto,ACTIVA,Categoría mixta con variación moderada.
BOM-00151,CYB-PER-0151,Camiseta / Buzo,personalizar,MAT-3DP-PLA-CUSTOM,Filamento PLA personalizado,g,120,12,15,-10,12,138,150,((consumo_solido_por_unidad * cantidad) * (1 + merma_estimada_pct/100)) + consumo_fijo_por_orden,v1-piloto,ACTIVA,Personalizados con variación mayor por iteración.
BOM-00152,CYB-PER-0156,Cosplay,personalizar,MAT-3DP-PLA-CUSTOM,Filamento PLA personalizado,g,120,12,15,-10,12,138,150,((consumo_solido_por_unidad * cantidad) * (1 + merma_estimada_pct/100)) + consumo_fijo_por_orden,v1-piloto,ACTIVA,Personalizados con variación mayor por iteración.
BOM-00153,CYB-PER-0155,Figuras,personalizar,MAT-3DP-PLA-CUSTOM,Filamento PLA personalizado,g,120,12,15,-10,12,138,150,((consumo_solido_por_unidad * cantidad) * (1 + merma_estimada_pct/100)) + consumo_fijo_por_orden,v1-piloto,ACTIVA,Personalizados con variación mayor por iteración.
BOM-00154,CYB-PER-0154,Llavero,personalizar,MAT-3DP-PLA-CUSTOM,Filamento PLA personalizado,g,120,12,15,-10,12,138,150,((consumo_solido_por_unidad * cantidad) * (1 + merma_estimada_pct/100)) + consumo_fijo_por_orden,v1-piloto,ACTIVA,Personalizados con variación mayor por iteración.
BOM-00155,CYB-PER-0152,Skin Minecraft,personalizar,MAT-3DP-PLA-CUSTOM,Filamento PLA personalizado,g,120,12,15,-10,12,138,150,((consumo_solido_por_unidad * cantidad) * (1 + merma_estimada_pct/100)) + consumo_fijo_por_orden,v1-piloto,ACTIVA,Personalizados con variación mayor por iteración.
BOM-00156,CYB-PER-0153,Skin Roblox,personalizar,MAT-3DP-PLA-CUSTOM,Filamento PLA personalizado,g,120,12,15,-10,12,138,150,((consumo_solido_por_unidad * cantidad) * (1 + merma_estimada_pct/100)) + consumo_fijo_por_orden,v1-piloto,ACTIVA,Personalizados con variación mayor por iteración.
